[
	{
		"name": "Ludo",
		"score": 20500
	},
	{
		"name": "Alex",
		"score": 16000
	},
	{
		"name": "Sulli",
		"score": 14500
	},
	{
		"name": "Raph",
		"score": 23000
	},
	{
		"name": "Louis",
		"score": 12400
	},
	{
		"name": "Quentin",
		"score": 11000
	},
	{
		"name": "Adrien",
		"score": 10500
	},
	{
		"name": "Nico",
		"score": 10450
	},
		{
		"name": "LudoNico",
		"score": 10300
	},
	{
		"name": "Aurélien",
		"score": 10100
	},
	{
		"name": "Rodrigue",
		"score": 9000
	},
	{
		"name": "Kevin",
		"score": 8600
	},
	{
		"name": "Damien",
		"score": 8000
	},
	{
		"name": "Bob",
		"score": 7600
	},
	{
		"name": "Martine",
		"score": 7500
	},
	{
		"name": "Renaud",
		"score": 7000
	},
	{
		"name": "Mathias",
		"score": 6800
	}
]